id,parkId,campgroundId,description,phoneNumber,extension,type
1,,1,,(830) 775-7491,,Voice
2,,2,,865-856-2445,,Voice
3,,3,,(877) 444-6777,,Voice
4,,4,,(406) 666-2333,,Voice
5,,4,,406-679-5599,,Fax
6,,5,,5733234236,,Voice
7,,6,,5203876849,,Voice
8,,7,,(573) 226-3945,,Voice
9,,8,,4232867275,,Voice
10,,10,,8056585730,,Voice
11,,11,,928-645-5900,5077,Voice
12,,12,,301-739-4200,,Voice
13,,13,,1-877-444-6777,,Voice
14,,14,,3044650508,,Voice
15,,15,,9705861206,,Voice
16,,16,,5595653341,,Voice
17,,16,,5595653730,,Fax
18,,17,,(906) 387-3700,,Voice
19,,18,,(906) 387-3700,,Voice
20,,19,,1-877-444-6777,,Voice
21,,20,,5595653341,,Voice
22,,20,,5595653730,,Fax
23,,21,,(573) 323-4236,,Voice
24,,22,,4106411441,,Voice
25,,23,,4106411441,,Voice
26,,24,,4106411441,,Voice
27,,25,,4106411441,,Voice
28,,26,,4106411441,,Voice
29,,27,,4106411441,,Voice
30,,28,,5754796124,206,Voice
31,,31,,631-569-2100,,Voice
32,,32,,719-378-6395,,Voice
33,,33,,775-234-7331,,Voice
34,,34,,301-739-4200,,Voice
35,,36,,4235699778,,Voice
36,,36,,4235692816,,Fax
37,,37,,307-548-7230,,Voice
38,,37,,307-899-1401,,TTY
39,,38,,9076972627,,Voice
40,,39,,2313264700,,Voice
41,,40,,(573) 323-4236,,Voice
42,,41,,4106411441,,Voice
43,,42,,4232867275,,Voice
44,,43,,239-695-4111,3,Voice
45,,44,,(906) 387-3700,,Voice
46,,45,,9064820984,,Voice
47,,47,,760-367-3001,,Voice
48,,48,,3074675283,741,Voice
49,,48,,3074675350,,Fax
50,,49,,9064820984,,Voice
51,,50,,(906) 387-3700,,Voice
52,,51,,415-331-1540,,Voice
53,,52,,828-486-5910,,Voice
54,,53,,(540) 999-3500,,Voice
55,,53,,(800) 828-1120,,TTY
56,,54,,207-456-6001,,Voice
57,,55,,207-456-6001,,Voice
58,,56,,207-456-6001,,Voice
59,,57,,(573) 323-4236,,Voice
60,,58,,(573) 323-4236,,Voice
61,,59,,301-739-4200,,Voice
62,,60,,9064820984,,Voice
63,,61,,3619498068,,Voice
64,,62,,307-568-5406,,Voice
65,,63,,706-252-6100,,Voice
66,,64,,760-367-3001,,Voice
67,,65,,207-288-3274,,Voice
68,,66,,8068573151,,Voice
69,,67,,4232867275,,Voice
70,,69,,(573) 323-4236,,Voice
71,,70,,8068573151,,Voice
72,,71,,803-776-4396,,Voice
73,,72,,305.230.1144,,Voice
74,,72,,305.230.1190,,Fax
75,,73,,520-824-3560,,Voice
76,,74,,702-293-8906,,Voice
77,,75,,702-293-8906,,Voice
78,,76,,(605) 665-0209,,Voice
79,,77,,(406) 888-7800,,Voice
80,,78,,530-242-3412,,Voice
81,,79,,530-242-3412,,Voice
82,,80,,912-882-4336,254,Voice
83,,81,,209/375-9535,,Voice
84,,82,,307-344-7311,,Voice
85,,82,,307-344-7456,,Fax
86,,82,,307-344-5395,,TTY
87,,83,,(573) 323-4236,,Voice
88,,85,,907-246-3305,,Voice
89,,86,,5595653341,,Voice
90,,86,,5595653730,,Fax
91,,87,,580-622-7234,,Voice
92,,88,,5806227234,,Voice
93,,89,,5806227234,,Voice
94,,90,,5806227234,,Voice
95,,91,,870-449-4311,,Voice
96,,92,,8068573151,,Voice
97,,93,,888.896.3829,,Voice
98,,94,,239-695-4111,3,Voice
99,,95,,3044650508,,Voice
100,,97,,530-595-6121,,Voice
101,,98,,703-221-5843,,Voice
102,,99,,703-221-5843,,Voice
103,,100,,703-221-5843,,Voice
104,,101,,703-221-5843,,Voice
105,,102,,703-221-5843,,Voice
106,,103,,703-221-5843,,Voice
107,,104,,301-739-4200,,Voice
108,,105,,(865) 448-2472,2,Voice
109,,106,,(865) 448-2472,2,Voice
110,,107,,301-739-4200,,Voice
111,,108,,702-293-8990,,Voice
112,,110,,209/372-8502,,Voice
113,,112,,(877) 444-6777,,Voice
114,,113,,509.720.9544,,Voice
115,,114,,(877) 444-6777,,Voice
116,,115,,(386) 428-3384,,Voice
117,,116,,307-344-7311,,Voice
118,,116,,307-344-7456,,Fax
119,,116,,307-344-5395,,TTY
120,,117,,907-983-9200,,Voice
121,,118,,9286722700,,Voice
122,,118,,9286722703,,Fax
123,,119,,5595653341,,Voice
124,,119,,5595653730,,Fax
125,,120,,2524732111,,Voice
126,,121,,9064820984,,Voice
127,,122,,870-439-2502,,Voice
128,,123,,828-269-3161,,Voice
129,,124,,5415922100,,Voice
130,,125,,8068573151,,Voice
131,,126,,(573) 323-4236,,Voice
132,,127,,605-433-5460,,Voice
133,,128,,(573) 323-4236,,Voice
134,,129,,219-395-1882,,Voice
135,,130,,580-622-7234,,Voice
136,,131,,(906) 387-3700,,Voice
137,,133,,9064820984,,Voice
138,,134,,301-739-4200,,Voice
139,,135,,432-477-1121,,Voice
140,,136,,7032217181,,Voice
141,,137,,(970) 641-2337,,Voice
142,,138,,340-714-7144,,Voice
143,,139,,8053702301,,Voice
144,,140,,208–824–5901,,Voice
145,,141,,(906) 387-3700,,Voice
146,,142,,(906) 387-3700,,Voice
147,,143,,(509) 754-7800,,Voice
148,,144,,(573) 323-4236,,Voice
149,,145,,415-464-5100,,Voice
150,,146,,5595653341,,Voice
151,,146,,5595653730,,Fax
152,,147,,580-622-7234,,Voice
153,,148,,360-854-7200,,Voice
154,,148,,360-856-1934,,Fax
155,,149,,360-854-7200,,Voice
156,,149,,360-856-1934,,Fax
157,,151,,307-543-2811,,Voice
158,,151,,307-543-3143,,Fax
159,,152,,307-543-3100,,Voice
160,,152,,307-543-3143,,Fax
161,,154,,(423) 487-2683,,Voice
162,,155,,7016234466,,Voice
163,,156,,760-367-3001,,Voice
164,,157,,432-477-1121,,Voice
165,,160,,360-569-6626,,Voice
166,,161,,(906) 387-3700,,Voice
167,,162,,(906) 387-3700,,Voice
168,,163,,(828) 675-5444,,Voice
169,,164,,209/379-2123,,Voice
170,,165,,530-242-3412,,Voice
171,,166,,5595653341,,Voice
172,,166,,5595653730,,Fax
173,,167,,5595653341,,Voice
174,,167,,5595653730,,Fax
175,,168,,301-739-4200,,Voice
176,,170,,2313264700,5035,Voice
177,,171,,2313264700,,Voice
178,,172,,9064820984,,Voice
179,,173,,228-230-4136,,Voice
180,,175,,3075685406,,Voice
181,,176,,(573) 323-4236,,Voice
182,,177,,(828) 488-3184,,Voice
183,,178,,(360) 565-3130,,Voice
184,,179,,435-781-7700,,Voice
185,,180,,928-638-7888,,Voice
186,,181,,301-739-4200,,Voice
187,,182,,435-719-2299,,Voice
188,,183,,877-828-1551,,Voice
189,,185,,5759812418,,Voice
190,,186,,5595653341,,Voice
191,,186,,5595653730,,Fax
192,,187,,(336) 372-8877,,Voice
193,,188,,(520) 733-5153,,Voice
194,,189,,530-242-3412,,Voice
195,,190,,(970) 641-2337,,Voice
196,,191,,207-335-5551,,Voice
197,,192,,775-234-7331,,Voice
198,,193,,219-395-1882,,Voice
199,,194,,9064820984,,Voice
200,,195,,9064820984,,Voice
201,,196,,2193951882,,Voice
202,,197,,907-983-9200,,Voice
203,,197,,907-983-9249,,Fax
204,,198,,9064820984,,Voice
205,,199,,(970) 641-2337,,Voice
206,,200,,(970) 641-2337,,Voice
207,,201,,(970) 641-2337,205,Voice
208,,202,,702-293-8906,,Voice
209,,204,,435-781-7700,,Voice
210,,205,,5057834226,801,Voice
211,,206,,(970) 641-2337,,Voice
212,,207,,605.745.4600,,Voice
213,,207,,605.745.4207,,Fax
214,,208,,1-800-444-7275,,Voice
215,,209,,8654305560,,Voice
216,,210,,(865) 430-5560,,Voice
217,,211,,305.230.1144,,Voice
218,,211,,305.230.1190,,Fax
219,,212,,760-786-3200,,Voice
220,,213,,870-439-2502,,Voice
221,,214,,207-456-6001,,Voice
222,,215,,760-786-3200,,Voice
223,,216,,(509) 754-7800,,Voice
224,,217,,(509) 754-7800,,Voice
225,,218,,301-739-4200,,Voice
226,,219,,9074220500,,Voice
227,,219,,9074220571,,Fax
228,,220,,360-565-3130,,Voice
229,,222,,9064820984,,Voice
230,,223,,301-739-4200,,Voice
231,,224,,907-983-9200,,Voice
232,,225,,1-877-444-6777,,Voice
233,,226,,307-344-7311,,Voice
234,,226,,307-344-7456,,Fax
235,,226,,307-344-5395,,TTY
236,,227,,(855) 708-2207,,Voice
237,,229,,218.475.0123,,Voice
238,,231,,850-934-2622,,Voice
239,,233,,(509) 754-7800,,Voice
240,,236,,2529955101,,Voice
241,,237,,8068573151,,Voice
242,,239,,7607863203,,Voice
243,,241,,3052427700,,Voice
244,,242,,435-781-7700,,Voice
245,,243,,(970) 641-2337,,Voice
246,,244,,239-695-4111,3,Voice
247,,245,,304-465-0508,,Voice
248,,245,,304-465-0591,,Fax
249,,246,,(509) 754-7800,,Voice
250,,247,,(509) 754-7800,,Voice
251,,248,,9705861206,,Voice
252,,249,,3044650508,,Voice
253,,250,,415-464-5100,,Voice
254,,251,,(605) 665-0209,,Voice
255,,252,,1-800-444-7275,,Voice
256,,253,,360-854-7200,,Voice
257,,253,,360-856-1934,,Fax
258,,254,,(573) 323-4236,,Voice
259,,255,,360-854-7200,,Voice
260,,255,,360-856-1934,,Fax
261,,256,,(830) 775-7491,,Voice
262,,257,,9064820984,,Voice
263,,258,,207-456-6001,,Voice
264,,259,,906-387-3700,,Voice
265,,260,,3044650508,,Voice
266,,261,,307-344-7311,,Voice
267,,261,,307-344-7456,,Fax
268,,261,,307-344-5395,,TTY
269,,262,,406-666-2333,,Voice
270,,262,,406-679-5599,,Fax
271,,263,,(520) 733-5153,,Voice
272,,264,,3605653130,,Voice
273,,265,,252-728-2250,,Voice
274,,266,,(605) 665-0209,,Voice
275,,267,,435-781-7700,,Voice
276,,268,,771-208-1588,,Voice
277,,269,,775-234-7331,,Voice
278,,270,,307-543-3100,,Voice
279,,270,,307-543-3143,,Fax
280,,273,,(573) 323-4236,,Voice
281,,275,,501-620-6715,,Voice
282,,277,,580-622-7234,,Voice
283,,278,,(509) 754-7800,,Voice
284,,279,,888.896.3829,,Voice
285,,280,,(520) 733-5153,,Voice
286,,281,,8068573151,,Voice
287,,282,,509-699-2080,14,Voice
288,,283,,207-456-6001,,Voice
289,,284,,207-456-6001,,Voice
290,,285,,9064820984,,Voice
291,,286,,415-331-1540,,Voice
292,,287,,(509) 754-7800,,Voice
293,,288,,9064820984,,Voice
294,,289,,415-331-1540,,Voice
295,,290,,307-543-2861,,Voice
296,,290,,307-543-3143,,Fax
297,,291,,360-565-3130,,Voice
298,,292,,912-882-4336,254,Voice
299,,293,,760-367-3001,,Voice
300,,294,,209/379-2123,,Voice
301,,295,,360-565-3130,,Voice
302,,296,,760-252-6100,,Voice
303,,297,,760-786-3200,,Voice
304,,298,,530-242-3412,,Voice
305,,299,,4106411441,,Voice
306,,300,,301-739-4200,,Voice
307,,301,,307-548-7230,,Voice
308,,301,,307-899-1401,,TTY
309,,302,,301-739-4200,,Voice
310,,304,,(270)758-2424,,Voice
311,,305,,9705624282,10,Voice
312,,306,,360-854-7200,,Voice
313,,307,,301-739-4200,,Voice
314,,308,,9064820984,,Voice
315,,309,,(509) 754-7800,,Voice
316,,310,,(509) 754-7800,,Voice
317,,311,,9063873700,,Voice
318,,312,,800-622-7275,,Voice
319,,313,,760-367-3001,,Voice
320,,314,,3073447381,,Voice
321,,314,,3073442014,,Fax
322,,314,,3073442386,,TTY
323,,315,,301-739-4200,,Voice
324,,316,,5306678113,,Voice
325,,317,,301-739-4200,,Voice
326,,318,,9064820984,,Voice
327,,319,,301-739-4200,,Voice
328,,320,,9064820984,,Voice
329,,321,,4357192313,,Voice
330,,322,,1-800-444-7275,,Voice
331,,323,,6626804027,,Voice
332,,323,,6626804049,,Fax
333,,324,,307-543-2811,,Voice
334,,325,,(573) 323-4236,,Voice
335,,326,,(509) 754-7800,,Voice
336,,327,,301-739-4200,,Voice
337,,328,,(828) 963-5911,,Voice
338,,329,,760-367-3001,,Voice
339,,330,,(520) 733-5153,,Voice
340,,331,,7016234466,,Voice
341,,332,,(505) 672-3861,1800,Voice
342,,333,,530-595-6121,,Voice
343,,335,,(509) 754-7800,,Voice
344,,336,,207-456-6001,,Voice
345,,339,,509-725-7229,,Voice
346,,340,,509-725-7229,,Voice
347,,341,,9078225234,,Voice
348,,342,,(509) 754-7800,,Voice
349,,343,,(509) 754-7800,,Voice
350,,344,,301-739-4200,,Voice
351,,345,,(406) 888-7800,,Voice
352,,346,,415-331-1540,,Voice
353,,347,,8089856000,,Voice
354,,347,,8089856004,,Fax
355,,348,,870-439-2502,,Voice
356,,350,,(970) 641-2337,,Voice
357,,352,,9064820984,,Voice
358,,353,,9064820984,,Voice
359,,354,,9064820984,,Voice
360,,355,,509-699-2080,14,Voice
361,,356,,9064820984,,Voice
362,,357,,702-293-8906,,Voice
363,,358,,(208) 527-1335,,Voice
364,,359,,4357723256,,Voice
365,,361,,301-739-4200,,Voice
366,,362,,3073447381,,Voice
367,,362,,3073442014,,Fax
368,,362,,3073442386,,TTY
369,,363,,(540) 999-3500,,Voice
370,,363,,(800) 828-1120,,TTY
371,,364,,301-739-4200,,Voice
372,,365,,(828) 765-7818,,Voice
373,,366,,9063873700,,Voice
374,,367,,301-739-4200,,Voice
375,,368,,9064820984,,Voice
376,,369,,307-543-2831,,Voice
377,,370,,(509) 754-7800,,Voice
378,,371,,5595653341,,Voice
379,,372,,(540) 999-3500,,Voice
380,,372,,(800) 828-1120,,TTY
381,,373,,(573) 323-4236,,Voice
382,,374,,(406) 888-7800,,Voice
383,,375,,928-608-6200,,Voice
384,,376,,(855) 708-2207,,Voice
385,,377,,803-776-4396,,Voice
386,,378,,9705861206,,Voice
387,,379,,(865)436-1200,,Voice
388,,381,,530-595-6121,,Voice
389,,382,,3608547200,,Voice
390,,382,,3608541934,,Fax
391,,383,,775-234-7331,,Voice
392,,384,,209/372-8502,,Voice
393,,386,,(715) 483-2274,,Voice
394,,387,,(906) 387-3700,,Voice
395,,388,,(906) 387-3700,,Voice
396,,389,,207-456-6001,,Voice
397,,390,,207-456-6001,,Voice
398,,391,,307-344-7311,,Voice
399,,391,,307-344-7456,,Fax
400,,391,,307-344-5395,,TTY
401,,392,,760-786-3200,,Voice
402,,393,,3619498068,,Voice
403,,394,,9064820984,,Voice
404,,395,,3073447381,,Voice
405,,395,,3073442014,,Fax
406,,395,,3073442386,,TTY
407,,396,,(270)758-2424,,Voice
408,,397,,(520) 733-5153,,Voice
409,,398,,1-877-444-6777,,Voice
410,,399,,530-595-6121,,Voice
411,,400,,(270)758-2424,,Voice
412,,401,,301-739-4200,,Voice
413,,402,,(509) 754-7800,,Voice
414,,404,,301-739-4200,,Voice
415,,405,,(906) 387-3700,,Voice
416,,406,,(906) 387-3700,,Voice
417,,407,,(928) 638-7888,,Voice
418,,408,,(540) 999-3500,,Voice
419,,408,,(800) 828-1120,,TTY
420,,409,,(866) 292-6720,,Voice
421,,410,,8068573151,,Voice
422,,411,,9064820984,,Voice
423,,413,,301-739-4200,,Voice
424,,414,,304-465-0508,,Voice
425,,415,,719-378-6395,,Voice
426,,416,,3075685406,,Voice
427,,417,,18003057417,,Voice
428,,417,,6626804033,,Fax
429,,418,,9064820984,,Voice
430,,420,,760-786-3200,,Voice
431,,421,,760-252-6100,,Voice
432,,422,,(715) 483-2274,,Voice
433,,423,,239-695-4111,3,Voice
434,,424,,1-800-444-7275,,Voice
435,,425,,239-695-4111,3,Voice
436,,426,,(908) 362-5670,,Voice
437,,427,,239-695-4111,3,Voice
438,,428,,360-565-3130,,Voice
439,,429,,5595653341,,Voice
440,,429,,5595653730,,Fax
441,,430,,9705861206,,Voice
442,,431,,1-800-449-2288,,Voice
443,,432,,9064820984,,Voice
444,,433,,(906) 387-3700,,Voice
445,,434,,(906) 387-3700,,Voice
446,,435,,(828) 648-2644,,Voice
447,,437,,(715) 483-2274,,Voice
448,,437,,715-483-3288,,Fax
449,,438,,(435) 692-1234,16,Voice
450,,439,,850-934-2600,,Voice
451,,440,,360-854-7200,,Voice
452,,440,,360-856-1934,,Fax
453,,441,,3073447381,,Voice
454,,441,,3073442014,,Fax
455,,441,,3073442386,,TTY
456,,442,,4358345322,,Voice
457,,442,,4358344703,,Fax
458,,443,,252-728-2250,,Voice
459,,444,,9064820984,,Voice
460,,445,,360-565-3130,,Voice
461,,446,,(509) 754-7800,,Voice
462,,447,,301-739-4200,,Voice
463,,448,,209/372-8502,,Voice
464,,449,,(970) 641-2337,205,Voice
465,,450,,8665367972,,Voice
466,,451,,7032217181,,Voice
467,,452,,4106411441,,Voice
468,,453,,4106411441,,Voice
469,,454,,4106411441,,Voice
470,,455,,252 473-2111,,Voice
471,,456,,3605692211,,Voice
472,,456,,3605692177,,TTY
473,,457,,301-739-4200,,Voice
474,,458,,2524416246,,Voice
475,,459,,(434) 299-5125,,Voice
476,,460,,(877) 444-6777,,Voice
477,,461,,870-439-2502,,Voice
478,,462,,360-565-3130,,Voice
479,,464,,301-739-4200,,Voice
480,,465,,(540) 586-7321,,Voice
481,,466,,3073447381,,Voice
482,,466,,3073442014,,Fax
483,,466,,3073442386,,TTY
484,,467,,530-242-3412,,Voice
485,,468,,9064820984,,Voice
486,,469,,301-739-4200,,Voice
487,,470,,(906) 387-3700,,Voice
488,,471,,9158283251,,Voice
489,,473,,239-695-4111,3,Voice
490,,474,,239-695-4111,3,Voice
491,,476,,719-378-6395,,Voice
492,,477,,2313264700,5029,Voice
493,,478,,907-983-9200,,Voice
494,,479,,8068573151,,Voice
495,,480,,435-986-7120,,Voice
496,,480,,435-586-0995,,Fax
497,,481,,207-456-6001,,Voice
498,,482,,(970) 641-2337,,Voice
499,,483,,(505) 672-3861,1800,Voice
500,,484,,(877) 444-6777,,Voice
501,,485,,2313264700,,Voice
502,,486,,(509) 754-7800,,Voice
503,,487,,209/379-2123,,Voice
504,,488,,(906) 387-3700,,Voice
505,,489,,301-739-4200,,Voice
506,,490,,5595653341,,Voice
507,,490,,5595653730,,Fax
508,,491,,(573) 323-4236,,Voice
509,,495,,703-221-2474,,Voice
510,,496,,5733234236,,Voice
511,,497,,509-699-2080,14,Voice
512,,498,,301-739-4200,,Voice
513,,499,,(406)-888-7800,,Voice
514,,501,,435-781-7700,,Voice
515,,502,,(970) 641-2337,,Voice
516,,503,,800-622-7275,,Voice
517,,504,,432-477-1121,,Voice
518,,508,,570-426-2434,,Voice
519,,510,,4233466294,,Voice
520,,511,,580-622-7234,,Voice
521,,512,,9064820984,,Voice
522,,513,,(830) 775-7491,,Voice
523,,514,,(540) 745-9664,,Voice
524,,515,,6626804027,,Voice
525,,515,,6626804049,,Fax
526,,516,,806 857 3151,,Voice
527,,517,,(830) 775-7491,,Voice
528,,518,,(573) 858-3297,,Voice
529,,519,,701 623 4466,,Voice
530,,520,,870-449-4311,,Voice
531,,521,,760-367-3001,,Voice
532,,522,,(573) 323-4236,,Voice
533,,523,,9708582800,,Voice
534,,523,,9708580372,,Fax
535,,524,,6054335361,,Voice
536,,525,,760-786-3200,,Voice
537,,526,,8056585730,,Voice
538,,527,,(830) 775-7491,,Voice
539,,528,,800-622-7275,,Voice
540,,529,,207-456-6001,,Voice
541,,532,,8056585730,,Voice
542,,533,,8056585730,,Voice
543,,534,,8056585730,,Voice
544,,535,,8056585730,,Voice
545,,536,,8056585730,,Voice
546,,537,,800-622-7275,,Voice
547,,538,,2072881300,,Voice
548,,539,,912-882-4336,254,Voice
549,,540,,207-288-3338,,Voice
550,,540,,207-288-8813,,Fax
551,,540,,207-288-8800,,TTY
552,,541,,5595653341,,Voice
553,,541,,5595653730,,Fax
554,,542,,(906) 387-3700,,Voice
555,,543,,(906) 387-3700,,Voice
556,,544,,(573) 323-4236,,Voice
557,,545,,907-983-9200,,Voice
558,,546,,530-242-3412,,Voice
559,,547,,5595653341,,Voice
560,,547,,5595653730,,Fax
561,,548,,760-367-3001,,Voice
562,,550,,307-543-2831,,Voice
563,,551,,(573) 323-4236,,Voice
564,,552,,9064820984,,Voice
565,,553,,415-464-5100,,Voice
566,,554,,3073447381,,Voice
567,,554,,3073442014,,Fax
568,,554,,3073442386,,TTY
569,,555,,8284979270,,Voice
570,,556,,8284979270,,Voice
571,,557,,208–824–5901,,Voice
572,,558,,(509) 754-7800,,Voice
573,,559,,775-234-7331,,Voice
574,,560,,301-739-4200,,Voice
575,,562,,4357723256,,Voice
576,,563,,252-728-2250,,Voice
577,,564,,5595653341,,Voice
578,,564,,5595653730,,Fax
579,,565,,9064820984,,Voice
580,,566,,870-439-2502,,Voice
581,,567,,(970) 641-2337,205,Voice
582,,568,,530-595-6121,,Voice
583,,569,,530-595-6121,,Voice
584,,570,,435-781-7700,,Voice
585,,571,,1-877-444-6777,,Voice
586,,572,,(509) 754-7800,,Voice
587,,573,,(509) 754-7800,,Voice
588,,574,,870-449-4311,,Voice
589,,575,,301-739-4200,,Voice
590,,576,,(520) 733-5153,,Voice
591,,577,,(830) 775-7491,,Voice
592,,578,,1-877-444-6777,,Voice
593,,579,,912-882-4336,254,Voice
594,,580,,207-456-6001,,Voice
595,,583,,4235699778,,Voice
596,,584,,870-439-2505,,Voice
597,,585,,(970) 641-2337,,Voice
598,,586,,301-739-4200,,Voice
599,,587,,3044650508,,Voice
600,,588,,760-786-3200,,Voice
601,,589,,530-595-6121,,Voice
602,,590,,530-595-6121,,Voice
603,,591,,5595653341,,Voice
604,,591,,5595653730,,Fax
605,,592,,4358344771,,Voice
606,,593,,760-786-3200,,Voice
607,,595,,301-739-4200,,Voice
608,,596,,209/379-2123,,Voice
609,,598,,800-622-7275,,Voice
610,,599,,702-293-8906,,Voice
611,,601,,760-786-3200,,Voice
612,,602,,3044650508,,Voice
613,,603,,757-722-2200,,Voice
614,,604,,435-259-4711,,Voice
615,,606,,580-622-7234,,Voice
616,,607,,760-786-3200,,Voice
617,,608,,9064820984,,Voice
618,,609,,9705861206,,Voice
619,,610,,9064820984,,Voice
620,,611,,415-464-5100,,Voice
621,,612,,9064820984,,Voice
622,,613,,3073447381,,Voice
623,,613,,3073442014,,Fax
624,,613,,3073442386,,TTY
625,,614,,301-739-4200,,Voice
626,,615,,928-638-1006,,Voice
627,,616,,(906) 387-3700,,Voice
628,,617,,(906) 387-3700,,Voice
629,,618,,209/372-4025,,Voice
630,,619,,209/372-4025,,Voice
631,,620,,7032217181,,Voice
632,,621,,301-739-4200,,Voice
633,,622,,9063873700,,Voice
634,,623,,5203876849,,Voice
635,,624,,1-877-444-6777,,Voice
636,,625,,5733234236,,Voice
637,,626,,870-439-2502,,Voice
638,,627,,207-456-6001,,Voice
639,,628,,775-234-7331,,Voice
640,,629,,209/372-8502,,Voice
641,,630,,575-536-9461,,Voice
642,,631,,570-426-2434,,Voice
643,,632,,2313264700,,Voice
644,,633,,888.896.3829,,Voice
645,,633,,928.645.1031,,Fax
646,,634,,3044650508,,Voice
647,,635,,530-595-6121,,Voice
648,,636,,9064820984,,Voice
649,,637,,207-456-6001,,Voice
650,,638,,207-456-6001,,Voice
651,,639,,631-597-6074,,Voice
652,,640,,4357723256,,Voice
653,,641,,209/375-9535,,Voice
654,,642,,209/375-9535,,Voice
655,,643,,2313264700,,Voice
656,,644,,9064820984,,Voice
657,,645,,775-234-7331,,Voice
658,,646,,2313264700,5029,Voice
659,,647,,3605692211,,Voice
660,,647,,3605692177,,TTY
661,,648,,301-739-4200,,Voice
662,,649,,760-367-3001,,Voice
663,,650,,209/379-2123,,Voice
664,,651,,415-464-5100,,Voice
665,,654,,606-248-2817,,Voice
666,,656,,760-786-3200,,Voice
667,,659,,9076839532,,Voice
668,,660,,9064820984,,Voice
669,,661,,870-439-2502,,Voice
670,,663,,912-882-4336,254,Voice
671,,664,,209/379-2123,,Voice
672,1,,,2703583137,,Voice
673,2,,,2072883338,,Voice
674,2,,,2072888813,,Fax
675,2,,,2072888800,,TTY
676,3,,,617-770-1175,,Voice
677,4,,,2024266841,,Voice
678,5,,,2122384367,,Voice
679,6,,,3086654113,,Voice
680,6,,,3086654114,,Fax
681,8,,,9072463305,,Voice
682,9,,,9076443661,,Voice
683,9,,,9072712744,,Fax
684,9,,,8668696887,,TTY
685,10,,,415-561-4900,,Voice
686,11,,,907-581-9944,,Voice
687,12,,,8068576680,,Voice
688,13,,,8148866150,,Voice
689,14,,,719-936-7600,,Voice
690,15,,,6702347207,2020,Voice
691,16,,,(830) 775-7491,,Voice
692,16,,,(830) 778-9248,,Fax
693,17,,,771-208-1571,,Voice
694,18,,,2299240343,,Voice
695,19,,,4236383551,,Voice
696,19,,,4237980754,,Fax
697,20,,,9072463305,,Voice
698,21,,,3014325124,,Voice
699,22,,,7157793397,,Voice
700,22,,,7157793049,,Fax
701,23,,,3045356278,,Voice
702,24,,,4346948904,,Voice
703,25,,,4357192299,,Voice
704,26,,,8705482207,,Voice
705,27,,,7032351530,,Voice
706,28,,,4106411441,,Voice
707,28,,,4106411099,,Fax
708,29,,,5053346174,0,Voice
709,29,,,5053346372,,Fax
710,30,,,6054335361,,Voice
711,31,,,771-208-1453,,Voice
712,32,,,5056723861,0,Voice
713,32,,,5056729607,,Fax
714,33,,,202-999-9999,,Voice
715,34,,,719 383-5010,,Voice
716,35,,,1-907-759-8020,,Voice
717,35,,,907-443-6139,,Fax
718,36,,,432-477-2251,,Voice
719,37,,,2396952000,,Voice
720,37,,,2396953901,,Fax
721,38,,,4066893155,,Voice
722,39,,,4235699778,,Voice
723,39,,,4235695505,,Fax
724,40,,,409-951-6700,,Voice
725,41,,,3075485406,,Voice
726,42,,,205-679-0065,,Voice
727,43,,,786-335-3620,,Voice
728,44,,,970-641-2337,,Voice
729,45,,,(401) 725-8638,,Voice
730,47,,,8283483400,,Voice
731,48,,,304-465-0508,,Voice
732,48,,,304-465-0591,,Fax
733,49,,,5406820173,,Voice
734,49,,,5406820173,,Fax
735,50,,,6174296760,,Voice
736,51,,,6178193587,,Voice
737,52,,,6172425601,,Voice
738,53,,,18003057417,,Voice
739,53,,,6626804033,,Fax
740,54,,,7853544273,,Voice
741,55,,,4358345322,,Voice
742,55,,,4358344703,,Fax
743,56,,,(340) 773.1460,,Voice
744,56,,,(340) 719.1791,,Fax
745,57,,,8704392502,,Voice
746,58,,,N/A,,Voice
747,59,,,6195234285,,Voice
748,60,,,N/A,,Voice
749,61,,,(859) 881-5716,,Voice
750,62,,,3864283384,,Voice
751,63,,,318-352-0383,,Voice
752,64,,,9286745500,,Voice
753,65,,,435-719-2313,,Voice
754,66,,,508-255-3421,,Voice
755,67,,,2524732111,,Voice
756,68,,,7578982410,,Voice
757,68,,,7578982421,,Fax
758,69,,,9073182230,,Voice
759,69,,,9074428316,,Fax
760,70,,,2527282250,,Voice
761,70,,,2527282160,,Fax
762,71,,,771-208-1453,,Voice
763,72,,,435-425-3791,,Voice
764,72,,,435-425-3026,,Fax
765,74,,,5752782201,,Voice
766,74,,,5752782211,,Fax
767,75,,,8286934178,,Voice
768,75,,,8286934179,,Fax
769,77,,,5757852232,,Voice
770,77,,,5757852133,,Fax
771,78,,,771-208-1499,,Voice
772,79,,,5207233172,,Voice
773,79,,,5207237209,,Fax
774,80,,,9048296506,,Voice
775,80,,,9048239388,,Fax
776,81,,,212-329-9979,,Voice
777,81,,,212 344-7220,,Fax
778,82,,,7602526100,,Voice
779,83,,,3016639388,,Voice
780,83,,,3012710205,,Fax
781,84,,,(435) 986-7120,,Voice
782,85,,,540-490-9569,,Voice
783,86,,,5057867014,,Voice
784,87,,,915-532-7273,,Voice
785,87,,,915-532-7240,,Fax
786,88,,,8056585730,,Voice
787,88,,,8056585799,,Fax
788,89,,,8435770242,,Voice
789,89,,,8438817070,,Fax
790,90,,,9373526757,,Voice
791,91,,,678-538-1200,,Voice
792,91,,,770-399-8087,,Fax
793,92,,,301-739-4200,,Voice
794,93,,,4102602470,,Voice
795,94,,,706-866-9241,,Voice
796,94,,,706-866-7981,,Fax
797,95,,,5806227234,,Voice
798,96,,,5208243560,,Voice
799,97,,,(340) 773.1460,,Voice
800,97,,,(340) 719.1791,,Fax
801,98,,,208-824-5901,,Voice
802,99,,,202-895-6000,,Voice
803,100,,,3013201400,,Voice
804,101,,,7578982410,,Voice
805,101,,,7578986346,,Fax
806,102,,,9708582800,,Voice
807,102,,,9708580372,,Fax
808,103,,,(860) 500-6078,,Voice
809,104,,,8037764396,,Voice
810,104,,,8037834241,,Fax
811,105,,,2024266841,,Voice
812,106,,,5203665515,,Voice
813,107,,,8644612828,,Voice
814,107,,,8644617795,,Fax
815,108,,,5415943000,,Voice
816,109,,,2085271300,,Voice
817,109,,,2085273073,,Fax
818,110,,,6062482817,,Voice
819,110,,,6062487276,,Fax
820,111,,,9128824336,,Voice
821,112,,,9706412337,205,Voice
822,112,,,9706413127,,Fax
823,113,,,4407173890,,Voice
824,114,,,6618236134,,Voice
825,115,,,937-345-0433,,Voice
826,116,,,9417920458,102,Voice
827,117,,,7607863200,,Voice
828,118,,,5704262452,,Voice
829,118,,,5704262402,,Fax
830,119,,,9076839532,,Voice
831,120,,,7609342289,,Voice
832,121,,,3074675283,635,Voice
833,121,,,3074675350,,Fax
834,122,,,4357817700,,Voice
835,122,,,4357817735,,Fax
836,123,,,3052427700,,Voice
837,123,,,3052427711,,Fax
838,124,,,2024266841,,Voice
839,125,,,3606786084,,Voice
840,126,,,215-965-2305,,Voice
841,127,,,5638733491,123,Voice
842,128,,,7173389114,,Voice
843,129,,,N/A,,Voice
844,130,,,N/A,,Voice
845,131,,,5058762783,,Voice
846,132,,,5057834226,801,Voice
847,132,,,5057834689,,Fax
848,133,,,845-229-9422,,Voice
849,134,,,2123633200,,Voice
850,135,,,(662) 483-1231,,Voice
851,136,,,925-228-8860,6422,Voice
852,137,,,3052427700,,Voice
853,137,,,3052427728,,Fax
854,138,,,212-825-6990,,Voice
855,138,,,212-668-2899,,Fax
856,139,,,631-515-5557,,Voice
857,140,,,(330) 452-0876,,Voice
858,141,,,302-317-3854,,Voice
859,142,,,8148936322,,Voice
860,142,,,8148936329,,Fax
861,143,,,7197483253,,Voice
862,143,,,7197483164,,Fax
863,144,,,202-426-6841,,Voice
864,145,,,520-549-6751,,Voice
865,146,,,1-432-426-3224,,Voice
866,146,,,1-432-426-3122,,Fax
867,147,,,931-232-5706,0,Voice
868,148,,,771-208-1571,,Voice
869,149,,,771-208-1536,,Voice
870,150,,,9126383639,107,Voice
871,150,,,9126345357,,Fax
872,151,,,3078372221,,Voice
873,151,,,3078372120,,Fax
874,152,,,620-285-6911,,Voice
875,152,,,620-285-3571,,Fax
876,153,,,9044710116,,Voice
877,153,,,9044717605,,Fax
878,154,,,4109624290,250,Voice
879,154,,,4109622500,,Fax
880,155,,,757-722-FORT (3678),,Voice
881,156,,,(724) 329-5805,,Voice
882,156,,,(724) 329-8682,,Fax
883,157,,,415-561-4323,,Voice
884,158,,,(912) 219-4233,,Voice
885,159,,,2524732111,,Voice
886,160,,,6202230310,,Voice
887,160,,,6202230188,,Fax
888,161,,,4797833961,,Voice
889,161,,,4797835307,,Fax
890,162,,,315-338-7730,,Voice
891,162,,,800-662-1220,,TTY
892,163,,,(843) 883-3123,,Voice
893,164,,,505-425-8025,1,Voice
894,164,,,505-454-9272,,Fax
895,165,,,7015729083,,Voice
896,165,,,7015727321,,Fax
897,166,,,3608166230,,Voice
898,167,,,771-208-1555,,Voice
899,168,,,3078774455,,Voice
900,169,,,207-385-6393,,Voice
901,170,,,2024266841,,Voice
902,171,,,771-208-1499,,Voice
903,172,,,6175661689,,Voice
904,173,,,5406933200,,Voice
905,174,,,205-568-3963,,Voice
906,175,,,724-329-2501,,Voice
907,175,,,724-329-2515,,Fax
908,176,,,907-459-3730,,Voice
909,177,,,3146551600,,Voice
910,177,,,3146551641,,Fax
911,177,,,18007352966,,TTY
912,178,,,7183544606,,Voice
913,179,,,304-465-0508,,Voice
914,179,,,304-465-0591,,Fax
915,180,,,(646) 670-7251,,Voice
916,181,,,8128821776,1210,Voice
917,182,,,8042241732,227,Voice
918,182,,,8042242142,,Fax
919,183,,,417.325.4151,,Voice
920,183,,,417.325.4231,,Fax
921,184,,,7032892500,,Voice
922,186,,,(575) 323-2904,,Voice
923,187,,,9076972230,,Voice
924,187,,,9076972654,,Fax
925,188,,,406-888-7800,,Voice
926,188,,,406-888-7808,,Fax
927,188,,,406-888-7806,,TTY
928,189,,,9286086200,,Voice
929,190,,,3013201400,,Voice
930,191,,,215-389-1513,,Voice
931,192,,,415-561-4700,,Voice
932,193,,,4354712209,429,Voice
933,193,,,4354712341,,Fax
934,194,,,2128253054,,Voice
935,194,,,6467719728,,Fax
936,195,,,928-638-7888,,Voice
937,196,,,(435) 688-3200,,Voice
938,197,,,(218) 475-0123,,Voice
939,197,,,(218) 475-0174,,Fax
940,197,,,(218) 475-0123,,TTY
941,198,,,307-739-3399,,Voice
942,198,,,307-739-3301,,TTY
943,199,,,4068462070,250,Voice
944,199,,,4068463962,,Fax
945,200,,,775-234-7331,,Voice
946,200,,,775-234-7269,,Fax
947,202,,,7037573101,,Voice
948,203,,,(719) 378-6395,,Voice
949,203,,,719-378-6310,,Fax
950,204,,,(865)436-1200,,Voice
951,205,,,(267) 290 - 2870,1020,Voice
952,206,,,771-208-1588,,Voice
953,207,,,915-828-3251,,Voice
954,208,,,3362881776,,Voice
955,209,,,850-934-2600,,Voice
956,210,,,2089334105,,Voice
957,210,,,2088374857,,Fax
958,211,,,8085724400,,Voice
959,212,,,646-494-5366,,Voice
960,213,,,410-962-4290 (option 2),,Voice
961,214,,,771-208-1555,,Voice
962,215,,,3045356029,,Voice
963,216,,,(315) 835-5945,,Voice
964,217,,,410-221-2290,,Voice
965,218,,,816-254-9929,,Voice
966,218,,,8162544491,,Fax
967,219,,,8089856011,,Voice
968,219,,,8089856004,,Fax
969,220,,,3196432541,,Voice
970,220,,,3196437864,,Fax
971,220,,,3196432594,,TTY
972,221,,,7578982410,,Voice
973,221,,,7572294273,,Fax
974,222,,,845-229-5320,,Voice
975,223,,,4022233514,,Voice
976,225,,,7407741125,,Voice
977,225,,,7407741140,,Fax
978,226,,,6105828773,,Voice
979,226,,,6105822768,,Fax
980,227,,,256-234-7111,,Voice
981,227,,,256-329-9905,,Fax
982,228,,,5016206715,,Voice
983,228,,,5016206779,,Fax
984,229,,,9705624282,5,Voice
985,230,,,9287553475,,Voice
986,230,,,9287553405,,Fax
987,231,,,(509) 237-9722,,Voice
988,232,,,608-798-8700,,Voice
989,233,,,215-965-2305,,Voice
990,234,,,2193951882,,Voice
991,235,,,9064820984,,Voice
992,236,,,907-434-0805,,Voice
993,237,,,440-255-8722,,Voice
994,237,,,440-974-2045,,Fax
995,238,,,504-589-3882,,Voice
996,239,,,6056738300,,Voice
997,239,,,6056738397,,Fax
998,240,,,(229) 824 - 4104,,Voice
999,240,,,(229) 824 - 3441,,Fax
1000,241,,,5419872333,,Voice
1001,242,,,617-566-7937,,Voice
1002,243,,,9252288860,,Voice
1003,244,,,8148866171,,Voice
1004,245,,,7603675500,,Voice
1005,245,,,7603676392,,Fax
1006,246,,,(510) 232-5050,6702,Voice
1007,247,,,8085676802,,Voice
1008,247,,,8085676729,,Fax
1009,248,,,8083296881,1329,Voice
1010,249,,,207-456-6001,,Voice
1011,250,,,9072463305,,Voice
1012,250,,,9072462116,,Fax
1013,251,,,9073182040,,Voice
1014,251,,,9072248978,,Fax
1015,252,,,771-208-1571,,Voice
1016,253,,,770-427-4686,0,Voice
1017,253,,,770-528-8398,,Fax
1018,254,,,9063373168,,Voice
1019,254,,,9063373169,,Fax
1020,255,,,8649367921,2,Voice
1021,256,,,2062204240,,Voice
1022,257,,,9079839200,,Voice
1023,257,,,9079839249,,Fax
1024,258,,,7017453300,,Voice
1025,258,,,7017453708,,Fax
1026,259,,,9073182230,,Voice
1027,259,,,9074428316,,Fax
1028,260,,,2024266841,,Voice
1029,261,,,7032351530,,Voice
1030,262,,,9076443626,,Voice
1031,263,,,7022938990,,Voice
1032,263,,,7022938936,,Fax
1033,264,,,806 857-3151,,Voice
1034,265,,,509-754-7800,,Voice
1035,266,,,530 595 6100,,Voice
1036,267,,,5306678113,,Voice
1037,268,,,4026611804,,Voice
1038,269,,,5038612471,,Voice
1039,270,,,8129374541,,Voice
1040,270,,,8129379929,,Fax
1041,271,,,2174924241,,Voice
1042,271,,,2174924673,,Fax
1043,272,,,202-426-6841,,Voice
1044,273,,,406-924-9167,,Voice
1045,274,,,2568459605,201,Voice
1046,274,,,2569979129,,Fax
1047,275,,,(501) 516-7230,,Voice
1048,276,,,(617) 876-4491,,Voice
1049,277,,,9789705000,,Voice
1050,277,,,9789705002,,TTY
1051,278,,,617-981-0466,,Voice
1052,279,,,8779753786,,Voice
1053,279,,,2124310402,,Fax
1054,280,,,8308687128,,Voice
1055,281,,,804-226-5040,,Voice
1056,282,,,2077286826,,Voice
1057,283,,,2707582180,,Voice
1058,284,,,7033611339,0,Voice
1059,285,,,Hanford: 509.376.1647,,Voice
1060,286,,,(760) 878-2194,,Voice
1061,287,,,802-457-3368,0,Voice
1062,287,,,802-457-3405,,Fax
1063,288,,,2024266841,,Voice
1064,289,,,(404) 331-1401,,Voice
1065,289,,,(404) 730-3112,,Fax
1066,290,,,5187641041,,Voice
1067,290,,,5187586986,,Fax
1068,291,,,771-208-1583,,Voice
1069,292,,,601-345-7211,,Voice
1070,293,,,970-529-4465,,Voice
1071,293,,,970-529-4637,,Fax
1072,294,,,606-636-4045,,Voice
1073,295,,,208-825-4169,,Voice
1074,295,,,2088374857,,Fax
1075,296,,,978-369-6993,,Voice
1076,297,,,6054335552,,Voice
1077,297,,,6054335558,,Fax
1078,298,,,651-293-0200,,Voice
1079,299,,,605-665-0209,21,Voice
1080,299,,,605-665-4183,,Fax
1081,300,,,(760) 252-6100,,Voice
1082,301,,,3016623515,,Voice
1083,301,,,3016687437,,Fax
1084,302,,,9285673322,,Voice
1085,303,,,9102835591,,Voice
1086,304,,,N/A,,Voice
1087,305,,,973.539.2016,210,Voice
1088,306,,,3605692211,,Voice
1089,306,,,3605696519,,Fax
1090,306,,,3605692177,,TTY
1091,307,,,6055742523,,Voice
1092,308,,,415-561-2850,,Voice
1093,309,,,6014465790,,Voice
1094,310,,,18003057417,,Voice
1095,310,,,6626804033,,Fax
1096,311,,,6626804027,,Voice
1097,311,,,6626804033,,Fax
1098,312,,,771-208-1453,,Voice
1099,313,,,202-426-6841,,Voice
1100,314,,,6846337085,0021,Voice
1101,314,,,6846337083,,Fax
1102,315,,,917-731-1997,,Voice
1103,316,,,4356921234,0,Voice
1104,317,,,9286722700,,Voice
1105,317,,,9286722703,,Fax
1106,318,,,508-996-4095,,Voice
1107,319,,,413-351-8182,,Voice
1108,320,,,(609) 894-7300,,Voice
1109,321,,,504-589-3882,,Voice
1110,322,,,(573) 880-3120,,Voice
1111,323,,,304-465-0508,,Voice
1112,324,,,208-843-7009,,Voice
1113,324,,,2088437003,,Fax
1114,325,,,785-839-4233,,Voice
1115,326,,,8645434068,,Voice
1116,327,,,4023761901,,Voice
1117,327,,,4023761949,,Fax
1118,328,,,9073182230,,Voice
1119,328,,,9074428316,,Fax
1120,329,,,3608547200,,Voice
1121,329,,,3608561934,,Fax
1122,330,,,(616) 330-2456,,Voice
1123,330,,,(616) 319-7913,,Fax
1124,331,,,4233466294,,Voice
1125,332,,,4787528257,,Voice
1126,332,,,4787528259,,Fax
1127,333,,,4056098859,,Voice
1128,334,,,N/A,,Voice
1129,335,,,3605653130,,Voice
1130,335,,,3605653015,,Fax
1131,335,,,18008336388,,TTY
1132,336,,,5415925125,,Voice
1133,336,,,5415923981,,Fax
1134,337,,,N/A,,Voice
1135,338,,,520-387-6849,,Voice
1136,339,,,8644612828,,Voice
1137,339,,,8644617077,,Fax
1138,340,,,771-208-1536,,Voice
1139,341,,,(573) 323-4236,,Voice
1140,341,,,(573) 323-8010,,Fax
1141,342,,,(361) 949-8068,,Voice
1142,343,,,9565412785,,Voice
1143,344,,,973-523-0370,,Voice
1144,345,,,479-451-8122,1227,Voice
1145,345,,,479-451-0219,,Fax
1146,346,,,8084223399,,Voice
1147,346,,,8084237425,,Fax
1148,347,,,5057577241,,Voice
1149,347,,,5057577207,,Fax
1150,348,,,2024266841,,Voice
1151,349,,,4192852184,,Voice
1152,350,,,8047323531,,Voice
1153,350,,,8047320835,,Fax
1154,351,,,928-524-6822,0,Voice
1155,351,,,928-524-3567,,Fax
1156,352,,,5058990205,,Voice
1157,353,,,906-387-3700,,Voice
1158,354,,,8313894486,,Voice
1159,354,,,8313894288,,Fax
1160,355,,,9286437105,,Voice
1161,356,,,5078255464,214,Voice
1162,356,,,5078255466,,Fax
1163,357,,,771-208-1555,,Voice
1164,358,,,415-464-5100,,Voice
1165,359,,,N/A,,Voice
1166,360,,,9252288860,6520,Voice
1167,361,,,301-739-4200,,Voice
1168,362,,,3189265492,,Voice
1169,362,,,18889265492,,TTY
1170,363,,,(870) 777-4455,,Voice
1171,364,,,415-561-4323,,Voice
1172,365,,,703-221-7181,,Voice
1173,365,,,703-221-4322,,Fax
1174,366,,,773 928-7257,,Voice
1175,367,,,8083282326,,Voice
1176,369,,,9286086200,,Voice
1177,370,,,(843) 962-0039,,Voice
1178,371,,,7074646101,,Voice
1179,371,,,7074641812,,Fax
1180,372,,,804-226-1981,,Voice
1181,373,,,(432) 477-2251,,Voice
1182,374,,,734 243 7136,,Voice
1183,375,,,202-895-6000,,Voice
1184,375,,,2028956015,,Fax
1185,376,,,9705861206,,Voice
1186,376,,,9705861319,,TTY
1187,377,,,401-521-7266,,Voice
1188,378,,,5067522922,,Voice
1189,378,,,5067526000,,Fax
1190,379,,,5102325050,,Voice
1191,379,,,5102323169,,Fax
1192,380,,,2564952672,,Voice
1193,380,,,2564959220,,Fax
1194,381,,,5169224788,,Voice
1195,381,,,5169224792,,Fax
1196,382,,,5207335153,,Voice
1197,383,,,2074540418,,Voice
1198,383,,,2072888813,,Fax
1199,383,,,2072888800,,TTY
1200,384,,,7154832274,,Voice
1201,384,,,7154833288,,Fax
1202,385,,,9146674116,,Voice
1203,386,,,603-675-2175,,Voice
1204,387,,,978-740-1650,,Voice
1205,388,,,5058472585,220,Voice
1206,389,,,(340) 773.1460,,Voice
1207,389,,,(340) 719.1791,,Fax
1208,390,,,2109321001,,Voice
1209,390,,,2105341106,,Fax
1210,391,,,4155617000,,Voice
1211,392,,,3603782240,2226,Voice
1212,393,,,7877296777,223,Voice
1213,393,,,7872897972,,Fax
1214,394,,,7194385916,,Voice
1215,395,,,N/A,,Voice
1216,396,,,8053702301,,Voice
1217,397,,,(518) 670-2985,,Voice
1218,398,,,781-233-0050,,Voice
1219,399,,,3084369700,,Voice
1220,399,,,3084367611,,Fax
1221,400,,,334-877-1983,,Voice
1222,401,,,5595653341,,Voice
1223,401,,,5595653730,,Fax
1224,402,,,5409993500,,Voice
1225,403,,,7316895696,,Voice
1226,403,,,7316895450,,Fax
1227,404,,,9077470110,,Voice
1228,404,,,9077475938,,Fax
1229,405,,,2313264700,,Voice
1230,406,,,(573) 880-3120,,Voice
1231,407,,,4137348551,,Voice
1232,407,,,4137478062,,Fax
1233,408,,,410.962.4290,,Voice
1234,408,,,410.962.2500,,Fax
1235,409,,,2123633200,,Voice
1236,410,,,573-880-7189,,Voice
1237,411,,,(570) 445-1898,,Voice
1238,412,,,615-893-9501,,Voice
1239,412,,,615-893-9508,,Fax
1240,414,,,928-526-0502,0,Voice
1241,415,,,6202738494,270,Voice
1242,415,,,6202738660,,Fax
1243,416,,,2159652305,,Voice
1244,417,,,2022081631,,Voice
1245,417,,,2022081643,,Fax
1246,418,,,(212) 260-1616,,Voice
1247,419,,,7168840095,,Voice
1248,419,,,7168840330,,Fax
1249,420,,,7032892500,,Voice
1250,421,,,7016234466,,Voice
1251,421,,,7016234840,,Fax
1252,422,,,518.943.7465,,Voice
1253,422,,,518.943.0652,,Fax
1254,423,,,973-736-0550,11,Voice
1255,423,,,973-736-6567,,Fax
1256,424,,,2024266841,,Voice
1257,425,,,804-224-1732,227,Voice
1258,425,,,804-224-2142,,Fax
1259,426,,,(801)756-5239,202,Voice
1260,427,,,904-641-7155,,Voice
1261,428,,,9284672241,,Voice
1262,428,,,9284672225,,Fax
1263,429,,,4018474794,,Voice
1264,430,,,N/A,,Voice
1265,431,,,(530) 664 4015,,Voice
1266,432,,,7022938853 (Information Line),,Voice
1267,433,,,5203775060,,Voice
1268,433,,,5203775079,,Fax
1269,434,,,18003057417,,Voice
1270,434,,,6626804033,,Fax
1271,435,,,(334) 727-1247,,Voice
1272,436,,,(334) 727-3200,,Voice
1273,437,,,928-634-5564,,Voice
1274,438,,,3148421867,,Voice
1275,438,,,3148421659,,Fax
1276,439,,,5706854871,,Voice
1277,439,,,5706854874,,Fax
1278,440,,,505-670-1612,,Voice
1279,441,,,6107831000,,Voice
1280,442,,,845-444-9166,,Voice
1281,443,,,6016360583,,Voice
1282,443,,,6016369497,,Fax
1283,444,,,202-426-6841,,Voice
1284,445,,,3407766201,238,Voice
1285,446,,,3407766201,,Voice
1286,446,,,3406939301,,Fax
1287,447,,,(218)-283-6600,,Voice
1288,448,,,(254) 686-0186,,Voice
1289,449,,,9285263367,,Voice
1290,450,,,(671) 333 4055,,Voice
1291,451,,,202-426-6841,,Voice
1292,453,,,5804972742,,Voice
1293,453,,,5804972712,,Fax
1294,454,,,2038341896,0,Voice
1295,455,,,5302423400,,Voice
1296,455,,,5302445154,,Fax
1297,456,,,5754796124,,Voice
1298,457,,,5095226360,,Voice
1299,457,,,5095226355,,Fax
1300,458,,,5136843262,,Voice
1301,458,,,5136843627,,Fax
1302,459,,,417-732-2662,,Voice
1303,460,,,6057454600,,Voice
1304,460,,,6057454207,,Fax
1305,461,,,206.623.5124,,Voice
1306,462,,,7032551800,,Voice
1307,462,,,7032551971,,Fax
1308,463,,,3155680024,,Voice
1309,464,,,(202) 426-6841,,Voice
1310,465,,,202-426-6841,,Voice
1311,466,,,9078225234,,Voice
1312,466,,,9078223281,,Fax
1313,467,,,2524732111,,Voice
1314,468,,,928-679-2365,,Voice
1315,469,,,307-344-7381,,Voice
1316,469,,,307-344-2014,,Fax
1317,469,,,307-344-2386,,TTY
1318,470,,,7578982410,,Voice
1319,470,,,7578986346,,Fax
1320,471,,,209/372-0200,,Voice
1321,472,,,970-529-4465,,Voice
1322,473,,,907-459-3730,,Voice
1323,474,,,435-772-3256,,Voice
1324,474,,,435-772-3426,,Fax
